product_id;article;name;artist;genre;label;manufacturer;supplier;format;unit;price;stock_quantity;discount;description;image_path;is_new;is_bestseller;is_staff_pick;is_preorder;is_color_vinyl
1;VNL001;Graduation;Kanye West;Хип-хоп;Roc-A-Fella;Пресс-Лаб;Аналог Дистрибуция;1LP;шт.;3490;6;0;Студийный альбом Kanye West 2007 года.;https://i.ebayimg.com/images/g/Yc0AAeSwGgVp2gbi/s-l1200.jpg;1;1;1;0;0
2;VNL002;The College Dropout;Kanye West;Хип-хоп;Roc-A-Fella;Пресс-Лаб;Винил Маркет;2LP;шт.;3990;4;5;Дебютный студийный альбом Kanye West.;https://shop.parlour-fam.com/cdn/shop/files/0003922_1_bdb46c36-5579-4f8c-a6e4-358e4189984e.jpg?v=1733740555;0;1;0;0;0
3;VNL003;My Beautiful Dark Twisted Fantasy;Kanye West;Хип-хоп;Def Jam;Пресс-Лаб;Аналог Дистрибуция;1LP;шт.;4590;5;0;Студийный альбом Kanye West 2010 года.;https://vinilo.co.uk/cdn/shop/files/Kanye-West-My-Beautiful-Dark-Twisted-Fantasy-CD_530x%402x.jpg?v=1773596108;0;1;1;0;0
4;VNL004;Late Registration;Kanye West;Хип-хоп;Roc-A-Fella;Пресс-Лаб;Винил Маркет;1LP;шт.;3290;8;10;Второй студийный альбом Kanye West 2005 года.;https://levyikkuna.fi/tiedostot/119/kuva/tuote/600/9421.jpg;0;0;1;0;0
5;VNL005;Unknown Memory;Yung Lean;Хип-хоп;YEAR0001;Норд Пресс;Точка Винил;2LP;шт.;3790;3;0;Дебютный полноформатный альбом Yung Lean 2014 года.;https://vinyl-galore.de/at-get-img/391657/1/unknown-memory-limited-edition-magenta-vinyl-yung-lean-lp.jpg;0;1;0;0;1
6;VNL006;Stranger;Yung Lean;Хип-хоп;YEAR0001;Норд Пресс;Аналог Дистрибуция;1LP;шт.;3690;0;7;Третий студийный альбом Yung Lean 2017 года.;https://townsquare.media/site/812/files/2017/11/Yung-Lean-Stranger-Album-Cover-Full.jpeg?q=75&w=1080;1;1;0;1;0
7;VNL007;Fantasma;Cornelius;Электроника;Warner Music Japan;Студия Пресс;Токио Винил;1LP;шт.;4290;7;0;Альбом Cornelius 1997 года.;https://i.ebayimg.com/images/g/7BsAAOSwnB9kl63O/s-l1200.jpg;0;1;1;0;0
8;VNL008;Point;Cornelius;Электроника;Matador;Студия Пресс;Токио Винил;1LP;шт.;3990;9;8;Альбом Cornelius 2002 года.;https://i.pinimg.com/736x/40/85/b3/4085b3251c62e2f63d1ffa7ef6f7e9f2.jpg;0;0;1;0;0
9;VNL009;Sensuous;Cornelius;Электроника;Everloving;Студия Пресс;Норд Дистрибуция;1LP;шт.;3890;5;0;Альбом Cornelius 2006 года.;https://shop.r10s.jp/book/cabinet/8396/4943674298396.jpg;0;0;1;0;1
10;VNL010;Mellow Waves;Cornelius;Электроника;Rostrum;Студия Пресс;Норд Дистрибуция;1LP;шт.;4090;11;12;Альбом Cornelius 2017 года.;https://i.scdn.co/image/ab67616d0000b2739bb81ababd28277b4c7855d4;1;0;0;0;1
11;VNL011;the book about my idle plot on a vague anxiety;toe;Пост-рок;Machupicchu Industrias;Аналог Пресс;Точка Винил;1LP;шт.;3590;4;0;Дебютный полноформатный релиз toe 2005 года.;https://assets.st-note.com/production/uploads/images/26327713/picture_pc_bfcd6ae54ebc6ef5f10b363602feae7c.jpg;0;1;1;0;0
12;VNL012;For Long Tomorrow;toe;Пост-рок;Machupicchu Industrias;Аналог Пресс;Точка Винил;1LP;шт.;3890;6;5;Второй полноформатный альбом toe 2009 года.;https://us.rarevinyl.com/cdn/shop/files/toe-for-long-tomorrow-opaque-blue-vinyl-us-vinyl-lp-album-record-tsr086-873970_1000x993.jpg?v=1757174616;0;0;1;0;0
13;VNL013;HEAR YOU;toe;Пост-рок;Machupicchu Industrias;Аналог Пресс;Винил Маркет;1LP;шт.;3790;2;9;Альбом toe 2015 года.;https://topshelf-records.com/cdn/shop/files/136_1500_300.jpg?v=1684816094&width=1445;1;0;0;0;1
14;VNL014;Pink;Boris;Рок;Southern Lord;Heavy Press;Винил Маркет;1LP;шт.;4290;8;0;Альбом Boris, выпущенный в 2005 году.;https://i.scdn.co/image/ab67616d0000b273728c73f734bfe4c9204304d;0;1;1;0;0
15;VNL015;Flood;Boris;Рок;MIDI Creative;Heavy Press;Токио Винил;2LP;шт.;4590;5;16;Экспериментальный альбом Boris 2000 года.;https://thirdmanrecords.com/cdn/shop/products/TMR_733_Boris_Flood_Front-01.png?v=1624649320;0;0;1;0;0
16;VNL016;Noise;Boris;Рок;Sargent House;Heavy Press;Норд Дистрибуция;1LP;шт.;4190;7;3;Студийный альбом Boris 2014 года.;https://www.progarchives.com/progressive_rock_discography_covers/12562/cover_2021917122023_r.jpeg;0;0;0;0;1
17;VNL017;Akuma no Uta;Boris;Рок;Diwphalanx;Heavy Press;Токио Винил;1LP;шт.;3490;10;0;Альбом CAPSULE 2006 года.;https://f4.bcbits.com/img/a3007100955_10.jpg;0;1;1;0;1
18;VNL018;L.D.K. Lounge Designers Killer;CAPSULE;Электроника;Yamaha Music;Токио Пресс;Аналог Дистрибуция;1LP;шт.;3390;6;6;Альбом CAPSULE 2005 года.;https://inoxia-rec.com/cdn/shop/products/Christmas_1000x1000.progressive.jpg?v=1668595336;0;0;0;0;0
19;VNL019;Smile;Boris;Рок;Inoxia Records;Heavy Press;Винил Маркет;1LP;шт.;3890;5;0;Студийный альбом Jockstrap 2022 года.;https://inoxia-rec.com/cdn/shop/products/03_Smile_JK_1000x1000%402x.progressive.jpg?v=1656858026;0;1;1;0;0
20;VNL020;Wicked City;Jockstrap;Инди;Warp;Лондон Пресс;Точка Винил;1LP;шт.;3190;8;4;Мини-альбом Jockstrap 2020 года.;https://i.scdn.co/image/ab67616d0000b27394e482eb4550bebed9f9b524;0;0;0;0;1
21;VNL021;I<3UQTINVU;Jockstrap;Инди;Rough Trade;Лондон Пресс;Винил Маркет;1LP;шт.;3690;0;20;Альбом Jockstrap 2021 года.;https://f4.bcbits.com/img/0028963529_71.jpg;1;0;1;1;0
22;VNL022;Life;KNOWER;Фанк / электроника;KNOWER;West Coast Press;Аналог Дистрибуция;1LP;шт.;3790;6;0;Альбом KNOWER, доступный на Spotify как Life.;https://miro.medium.com/v2/resize%3Afit%3A700/1%2AlJ_5oj3Vs7NkMgrB5PeTLg.jpeg;0;1;0;0;0
23;VNL023;KNOWER FOREVER;KNOWER;Фанк / электроника;KNOWER;West Coast Press;Норд Дистрибуция;1LP;шт.;3990;4;11;Альбом KNOWER 2023 года.;https://ondarock.it/images/cover/a4133899070_10_1696841571.jpg;1;1;1;0;1
24;VNL024;Hold Your Horse Is;Hella;Мат-рок;Kill Rock Stars;Инди Пресс;Точка Винил;1LP;шт.;3290;5;0;Дебютный полноформатный альбом Hella 2002 года.;https://http2.mlstatic.com/D_NQ_NP_794513-MLC88967106283_072025-O.webp;0;1;1;0;0
25;VNL025;There's No 666 in Outer Space;Hella;Мат-рок;Ipecac;Инди Пресс;Аналог Дистрибуция;1LP;шт.;3490;3;8;Альбом Hella 2007 года.;https://f4.bcbits.com/img/a0740065418_10.jpg;0;0;0;0;0
26;VNL026;Tripper;Hella;Мат-рок;Sargent House;Инди Пресс;Винил Маркет;1LP;шт.;3590;9;0;Альбом Hella 2011 года.;https://f4.bcbits.com/img/a3109220247_10.jpg;1;0;1;0;0
27;VNL027;Drop You Vivid Colours;Luminous Orange;Шугейз;ToneVendor;Токио Пресс;Токио Винил;1LP;шт.;3390;5;14;Альбом Luminous Orange 2002 года.;https://cdn.albumoftheyear.org/artists/luminous-orange_1751348753.jpg;0;0;1;0;1
28;VNL028;PLAYER;CAPSULE;Электроника;Yamaha Music;Токио Пресс;Точка Винил;1LP;шт.;3290;4;0;Альбом CAPSULE 2008 года.;https://ogre.natalie.mu/media/news/music/2010/0303/capsule_player.jpg?imdensity=1&impolicy=m&imwidth=750;0;1;0;0;0
29;VNL029;Only You;The Platters;Соул;Mercury;Classic Press;Классик Винил;1LP;шт.;2890;12;5;Альбом The Platters, выпущенный в 1956 году.;https://1265745076.rsc.cdn77.org/1024/jpg/42667-6245f13650e9a.jpg;0;1;1;0;0
30;VNL030;CODE: The Price of Wishes;Yugo Kanno;Саундтрек;VAP;Soundtrack Press;Классик Винил;2LP;шт.;4190;3;0;Саундтрек Yugo Kanno из серии CODE Geass: Lelouch of the Resurrection.;https://akibashipping.com/cdn/shop/products/B0CG1J95HR_1_df359d1b-21df-4743-84cd-41bca0188638_1200x1200.jpg?v=1700542706;0;1;1;0;0
